datetime;identity;anchor_mac_address;movement_vector;anchor_distances_A1;anchor_distances_A2;anchor_az_angles_A1;anchor_az_angles_A2;anchor_el_angles_A1;anchor_el_angles_A2
2024-01-11T12:54:43.168706412UTC;goodletbtb5h2xetyooifcl4qk4sfxfgrahpv2z73ylk7z5uq5pzrgad.onion;00:60:37:D4:C5:8D;0;518;153;-7680;-5712;-4608;5650
2024-01-11T12:54:48.209111427UTC;goodletbtb5h2xetyooifcl4qk4sfxfgrahpv2z73ylk7z5uq5pzrgad.onion;00:60:37:D4:C5:8D;3;518;169;-6626;1417;5027;-7458
2024-01-11T12:54:51.416848226UTC;goodletbtb5h2xetyooifcl4qk4sfxfgrahpv2z73ylk7z5uq5pzrgad.onion;00:60:37:41:8A:AF;28;419;125;-6568;-5739;3289;7166
2024-01-11T12:54:51.556605456UTC;goodletbtb5h2xetyooifcl4qk4sfxfgrahpv2z73ylk7z5uq5pzrgad.onion;00:60:37:D4:C5:8D;24;419;130;-6568;41;3289;4002
2024-01-11T12:54:51.848955555UTC;goodletbtb5h2xetyooifcl4qk4sfxfgrahpv2z73ylk7z5uq5pzrgad.onion;00:60:37:41:8A:AF;25;395;130;-6025;41;3738;4002
2024-01-11T12:54:52.274762489UTC;goodletbtb5h2xetyooifcl4qk4sfxfgrahpv2z73ylk7z5uq5pzrgad.onion;00:60:37:D4:C5:8D;25;395;129;-6025;2295;3738;1540
2024-01-11T12:54:52.710685315UTC;goodletbtb5h2xetyooifcl4qk4sfxfgrahpv2z73ylk7z5uq5pzrgad.onion;00:60:37:41:8A:AF;29;372;129;-5696;2295;3308;1540
2024-01-11T12:54:53.140933385UTC;goodletbtb5h2xetyooifcl4qk4sfxfgrahpv2z73ylk7z5uq5pzrgad.onion;00:60:37:D4:C5:8D;45;372;139;-5696;3014;3308;855
2024-01-11T12:54:53.570210445UTC;goodletbtb5h2xetyooifcl4qk4sfxfgrahpv2z73ylk7z5uq5pzrgad.onion;00:60:37:41:8A:AF;52;347;139;-5509;3014;3842;855
2024-01-11T12:54:54.000361898UTC;goodletbtb5h2xetyooifcl4qk4sfxfgrahpv2z73ylk7z5uq5pzrgad.onion;00:60:37:D4:C5:8D;55;347;130;-5509;5264;3842;-3083
2024-01-11T12:54:54.438472426UTC;goodletbtb5h2xetyooifcl4qk4sfxfgrahpv2z73ylk7z5uq5pzrgad.onion;00:60:37:41:8A:AF;48;323;130;-5119;5264;2623;-3083
2024-01-11T12:54:54.869020397UTC;goodletbtb5h2xetyooifcl4qk4sfxfgrahpv2z73ylk7z5uq5pzrgad.onion;00:60:37:D4:C5:8D;44;323;141;-5119;6426;2623;-1192
2024-01-11T12:54:55.291700494UTC;goodletbtb5h2xetyooifcl4qk4sfxfgrahpv2z73ylk7z5uq5pzrgad.onion;00:60:37:41:8A:AF;35;290;141;-5829;6426;1438;-1192
2024-01-11T12:54:55.719250328UTC;goodletbtb5h2xetyooifcl4qk4sfxfgrahpv2z73ylk7z5uq5pzrgad.onion;00:60:37:D4:C5:8D;27;290;164;-5829;7035;1438;631
2024-01-11T12:54:56.148647598UTC;goodletbtb5h2xetyooifcl4qk4sfxfgrahpv2z73ylk7z5uq5pzrgad.onion;00:60:37:41:8A:AF;20;253;164;-3352;7035;1045;631
2024-01-11T12:54:56.579498127UTC;goodletbtb5h2xetyooifcl4qk4sfxfgrahpv2z73ylk7z5uq5pzrgad.onion;00:60:37:D4:C5:8D;17;253;182;-3352;445;1045;3182
2024-01-11T12:55:00.206545804UTC;goodletbtb5h2xetyooifcl4qk4sfxfgrahpv2z73ylk7z5uq5pzrgad.onion;00:60:37:D4:C5:8D;43;165;272;-5208;-3119;-241;1906
2024-01-11T12:55:00.286334941UTC;goodletbtb5h2xetyooifcl4qk4sfxfgrahpv2z73ylk7z5uq5pzrgad.onion;00:60:37:41:8A:AF;40;143;272;-5739;-3119;2817;1906
2024-01-11T12:55:00.640731819UTC;goodletbtb5h2xetyooifcl4qk4sfxfgrahpv2z73ylk7z5uq5pzrgad.onion;00:60:37:D4:C5:8D;36;143;299;-5739;-1406;2817;1177
2024-01-11T12:55:01.075488366UTC;goodletbtb5h2xetyooifcl4qk4sfxfgrahpv2z73ylk7z5uq5pzrgad.onion;00:60:37:41:8A:AF;38;145;299;336;-1406;5077;1177
2024-01-11T12:55:01.502677566UTC;goodletbtb5h2xetyooifcl4qk4sfxfgrahpv2z73ylk7z5uq5pzrgad.onion;00:60:37:D4:C5:8D;37;145;349;336;168;5077;762
2024-01-11T12:55:01.938869455UTC;goodletbtb5h2xetyooifcl4qk4sfxfgrahpv2z73ylk7z5uq5pzrgad.onion;00:60:37:41:8A:AF;53;150;349;6;168;4519;762
2024-01-11T12:55:02.367191699UTC;goodletbtb5h2xetyooifcl4qk4sfxfgrahpv2z73ylk7z5uq5pzrgad.onion;00:60:37:D4:C5:8D;65;150;379;6;-2156;4519;807
2024-01-11T12:55:02.793521505UTC;goodletbtb5h2xetyooifcl4qk4sfxfgrahpv2z73ylk7z5uq5pzrgad.onion;00:60:37:41:8A:AF;71;144;379;3555;-2156;3394;807
2024-01-11T12:55:03.224089941UTC;goodletbtb5h2xetyooifcl4qk4sfxfgrahpv2z73ylk7z5uq5pzrgad.onion;00:60:37:D4:C5:8D;73;144;420;3555;32;3394;575
2024-01-11T12:55:03.653665649UTC;goodletbtb5h2xetyooifcl4qk4sfxfgrahpv2z73ylk7z5uq5pzrgad.onion;00:60:37:41:8A:AF;69;156;420;3828;32;2439;575
2024-01-11T12:55:04.095032074UTC;goodletbtb5h2xetyooifcl4qk4sfxfgrahpv2z73ylk7z5uq5pzrgad.onion;00:60:37:D4:C5:8D;44;156;448;3828;3848;2439;640
2024-01-11T12:55:04.520261022UTC;goodletbtb5h2xetyooifcl4qk4sfxfgrahpv2z73ylk7z5uq5pzrgad.onion;00:60:37:41:8A:AF;42;181;448;941;3848;1711;640
2024-01-11T12:55:04.952520952UTC;goodletbtb5h2xetyooifcl4qk4sfxfgrahpv2z73ylk7z5uq5pzrgad.onion;00:60:37:D4:C5:8D;30;181;514;941;-716;1711;-3520
2024-01-11T12:55:05.381790923UTC;goodletbtb5h2xetyooifcl4qk4sfxfgrahpv2z73ylk7z5uq5pzrgad.onion;00:60:37:41:8A:AF;27;204;514;4310;-716;173;-3520
2024-01-11T12:55:05.812491914UTC;goodletbtb5h2xetyooifcl4qk4sfxfgrahpv2z73ylk7z5uq5pzrgad.onion;00:60:37:D4:C5:8D;21;204;546;4310;-2669;173;-1325
2024-01-11T12:55:06.235782903UTC;goodletbtb5h2xetyooifcl4qk4sfxfgrahpv2z73ylk7z5uq5pzrgad.onion;00:60:37:41:8A:AF;12;222;546;-1685;-2669;-292;-1325
2024-01-11T12:55:06.667575062UTC;goodletbtb5h2xetyooifcl4qk4sfxfgrahpv2z73ylk7z5uq5pzrgad.onion;00:60:37:D4:C5:8D;9;222;561;-1685;-3316;-292;-262
2024-01-11T12:55:10.376828815UTC;goodletbtb5h2xetyooifcl4qk4sfxfgrahpv2z73ylk7z5uq5pzrgad.onion;00:60:37:41:8A:AF;25;318;629;4724;-5704;523;3424
2024-01-11T12:55:10.809706047UTC;goodletbtb5h2xetyooifcl4qk4sfxfgrahpv2z73ylk7z5uq5pzrgad.onion;00:60:37:41:8A:AF;26;326;629;5396;-5704;1116;3424
2024-01-11T12:55:10.998362226UTC;goodletbtb5h2xetyooifcl4qk4sfxfgrahpv2z73ylk7z5uq5pzrgad.onion;00:60:37:D4:C5:8D;35;326;644;5396;-5723;1116;2267
2024-01-11T12:55:11.236820344UTC;goodletbtb5h2xetyooifcl4qk4sfxfgrahpv2z73ylk7z5uq5pzrgad.onion;00:60:37:41:8A:AF;43;339;644;3884;-5723;1495;2267
2024-01-11T12:55:11.659331055UTC;goodletbtb5h2xetyooifcl4qk4sfxfgrahpv2z73ylk7z5uq5pzrgad.onion;00:60:37:D4:C5:8D;53;339;655;3884;-6000;1495;1768
2024-01-11T12:55:12.085888153UTC;goodletbtb5h2xetyooifcl4qk4sfxfgrahpv2z73ylk7z5uq5pzrgad.onion;00:60:37:41:8A:AF;58;346;655;809;-6000;1210;1768
2024-01-11T12:55:12.514023513UTC;goodletbtb5h2xetyooifcl4qk4sfxfgrahpv2z73ylk7z5uq5pzrgad.onion;00:60:37:D4:C5:8D;55;346;675;809;-5428;1210;1340
2024-01-11T12:55:12.943371711UTC;goodletbtb5h2xetyooifcl4qk4sfxfgrahpv2z73ylk7z5uq5pzrgad.onion;00:60:37:41:8A:AF;58;361;675;1607;-5428;2034;1340
2024-01-11T12:55:13.385185850UTC;goodletbtb5h2xetyooifcl4qk4sfxfgrahpv2z73ylk7z5uq5pzrgad.onion;00:60:37:D4:C5:8D;53;361;704;1607;-5340;2034;1167
2024-01-11T12:55:13.818125582UTC;goodletbtb5h2xetyooifcl4qk4sfxfgrahpv2z73ylk7z5uq5pzrgad.onion;00:60:37:41:8A:AF;49;383;704;3652;-5340;4857;1167
2024-01-11T12:55:14.246121042UTC;goodletbtb5h2xetyooifcl4qk4sfxfgrahpv2z73ylk7z5uq5pzrgad.onion;00:60:37:D4:C5:8D;46;383;745;3652;-4972;4857;4423
2024-01-11T12:55:14.671215243UTC;goodletbtb5h2xetyooifcl4qk4sfxfgrahpv2z73ylk7z5uq5pzrgad.onion;00:60:37:41:8A:AF;39;407;745;5087;-4972;2451;4423
2024-01-11T12:55:15.105027702UTC;goodletbtb5h2xetyooifcl4qk4sfxfgrahpv2z73ylk7z5uq5pzrgad.onion;00:60:37:D4:C5:8D;26;407;769;5087;-4489;2451;2614
2024-01-11T12:55:15.526871782UTC;goodletbtb5h2xetyooifcl4qk4sfxfgrahpv2z73ylk7z5uq5pzrgad.onion;00:60:37:41:8A:AF;20;435;769;5768;-4489;2204;2614
2024-01-11T12:55:15.971938332UTC;goodletbtb5h2xetyooifcl4qk4sfxfgrahpv2z73ylk7z5uq5pzrgad.onion;00:60:37:D4:C5:8D;12;435;799;5768;-3898;2204;1677
2024-01-11T12:55:16.403080733UTC;goodletbtb5h2xetyooifcl4qk4sfxfgrahpv2z73ylk7z5uq5pzrgad.onion;00:60:37:41:8A:AF;5;452;799;6026;-3898;1671;1677
2024-01-11T12:55:17.477820706UTC;goodletbtb5h2xetyooifcl4qk4sfxfgrahpv2z73ylk7z5uq5pzrgad.onion;00:60:37:D4:C5:8D;67;452;805;6026;-3496;1671;-6129
2024-01-11T12:55:17.541263662UTC;goodletbtb5h2xetyooifcl4qk4sfxfgrahpv2z73ylk7z5uq5pzrgad.onion;00:60:37:41:8A:AF;65;466;805;6670;-3496;1308;-6129
2024-01-11T12:55:18.262068231UTC;goodletbtb5h2xetyooifcl4qk4sfxfgrahpv2z73ylk7z5uq5pzrgad.onion;00:60:37:D4:C5:8D;93;466;805;6670;-3885;1308;-5498
2024-01-11T12:55:18.973588124UTC;goodletbtb5h2xetyooifcl4qk4sfxfgrahpv2z73ylk7z5uq5pzrgad.onion;00:60:37:41:8A:AF;93;470;805;6837;-3885;934;-5498
2024-01-11T12:55:19.684043306UTC;goodletbtb5h2xetyooifcl4qk4sfxfgrahpv2z73ylk7z5uq5pzrgad.onion;00:60:37:D4:C5:8D;58;470;817;6837;-3635;934;-6304
2024-01-11T12:55:20.408839104UTC;goodletbtb5h2xetyooifcl4qk4sfxfgrahpv2z73ylk7z5uq5pzrgad.onion;00:60:37:41:8A:AF;129;470;817;6833;-3635;-254;-6304
2024-01-11T12:55:21.118566353UTC;goodletbtb5h2xetyooifcl4qk4sfxfgrahpv2z73ylk7z5uq5pzrgad.onion;00:60:37:D4:C5:8D;105;470;935;6833;-4174;-254;-2709
2024-01-11T12:55:21.829909312UTC;goodletbtb5h2xetyooifcl4qk4sfxfgrahpv2z73ylk7z5uq5pzrgad.onion;00:60:37:41:8A:AF;139;470;935;6905;-4174;-1007;-2709
2024-01-11T12:55:22.254235890UTC;goodletbtb5h2xetyooifcl4qk4sfxfgrahpv2z73ylk7z5uq5pzrgad.onion;00:60:37:D4:C5:8D;124;470;1004;6905;-3912;-1007;-969
2024-01-11T12:55:22.681074187UTC;goodletbtb5h2xetyooifcl4qk4sfxfgrahpv2z73ylk7z5uq5pzrgad.onion;00:60:37:41:8A:AF;71;470;1004;6720;-3912;-1267;-969
2024-01-11T12:55:23.108251189UTC;goodletbtb5h2xetyooifcl4qk4sfxfgrahpv2z73ylk7z5uq5pzrgad.onion;00:60:37:D4:C5:8D;64;470;1052;6720;-3832;-1267;-94
2024-01-11T12:55:23.530432199UTC;goodletbtb5h2xetyooifcl4qk4sfxfgrahpv2z73ylk7z5uq5pzrgad.onion;00:60:37:41:8A:AF;33;612;1052;7200;-3832;237;-94
2024-01-11T12:55:23.958586513UTC;goodletbtb5h2xetyooifcl4qk4sfxfgrahpv2z73ylk7z5uq5pzrgad.onion;00:60:37:D4:C5:8D;24;612;1072;7200;-3727;237;337
2024-01-11T12:55:24.380410120UTC;goodletbtb5h2xetyooifcl4qk4sfxfgrahpv2z73ylk7z5uq5pzrgad.onion;00:60:37:41:8A:AF;11;681;1072;7440;-3727;301;337
2024-01-11T12:55:24.808302032UTC;goodletbtb5h2xetyooifcl4qk4sfxfgrahpv2z73ylk7z5uq5pzrgad.onion;00:60:37:D4:C5:8D;21;681;1089;7440;-3382;301;527
2024-01-11T12:55:25.234951053UTC;goodletbtb5h2xetyooifcl4qk4sfxfgrahpv2z73ylk7z5uq5pzrgad.onion;00:60:37:41:8A:AF;42;717;1089;7560;-3382;589;527
2024-01-11T12:55:25.661783046UTC;goodletbtb5h2xetyooifcl4qk4sfxfgrahpv2z73ylk7z5uq5pzrgad.onion;00:60:37:D4:C5:8D;56;717;1095;7560;-3306;589;630
2024-01-11T12:55:26.101949957UTC;goodletbtb5h2xetyooifcl4qk4sfxfgrahpv2z73ylk7z5uq5pzrgad.onion;00:60:37:41:8A:AF;79;724;1095;6859;-3306;1420;630
2024-01-11T12:55:26.528940078UTC;goodletbtb5h2xetyooifcl4qk4sfxfgrahpv2z73ylk7z5uq5pzrgad.onion;00:60:37:D4:C5:8D;101;724;1094;6859;-3149;1420;672
2024-01-11T12:55:26.963807814UTC;goodletbtb5h2xetyooifcl4qk4sfxfgrahpv2z73ylk7z5uq5pzrgad.onion;00:60:37:41:8A:AF;94;734;1094;7269;-3149;1234;672
2024-01-11T12:55:27.389856509UTC;goodletbtb5h2xetyooifcl4qk4sfxfgrahpv2z73ylk7z5uq5pzrgad.onion;00:60:37:D4:C5:8D;105;734;1120;7269;-3813;1234;762
2024-01-11T12:55:27.826132087UTC;goodletbtb5h2xetyooifcl4qk4sfxfgrahpv2z73ylk7z5uq5pzrgad.onion;00:60:37:41:8A:AF;93;783;1120;7474;-3813;271;762
2024-01-11T12:55:28.261212066UTC;goodletbtb5h2xetyooifcl4qk4sfxfgrahpv2z73ylk7z5uq5pzrgad.onion;00:60:37:D4:C5:8D;66;783;1147;7474;-5746;271;1582
2024-01-11T12:55:28.688215728UTC;goodletbtb5h2xetyooifcl4qk4sfxfgrahpv2z73ylk7z5uq5pzrgad.onion;00:60:37:41:8A:AF;60;839;1147;7521;-5746;483;1582
2024-01-11T12:55:29.125538202UTC;goodletbtb5h2xetyooifcl4qk4sfxfgrahpv2z73ylk7z5uq5pzrgad.onion;00:60:37:D4:C5:8D;39;839;1218;7521;-5608;483;1313
2024-01-11T12:55:29.550779275UTC;goodletbtb5h2xetyooifcl4qk4sfxfgrahpv2z73ylk7z5uq5pzrgad.onion;00:60:37:41:8A:AF;31;874;1218;6895;-5608;-1479;1313
2024-01-11T12:55:29.987949610UTC;goodletbtb5h2xetyooifcl4qk4sfxfgrahpv2z73ylk7z5uq5pzrgad.onion;00:60:37:D4:C5:8D;34;874;1266;6895;-4169;-1479;1004
2024-01-11T12:55:30.411107409UTC;goodletbtb5h2xetyooifcl4qk4sfxfgrahpv2z73ylk7z5uq5pzrgad.onion;00:60:37:41:8A:AF;41;907;1266;7287;-4169;-2619;1004
2024-01-11T12:55:30.841735158UTC;goodletbtb5h2xetyooifcl4qk4sfxfgrahpv2z73ylk7z5uq5pzrgad.onion;00:60:37:D4:C5:8D;42;907;1282;7287;-4382;-2619;-3338
2024-01-11T12:55:31.272613224UTC;goodletbtb5h2xetyooifcl4qk4sfxfgrahpv2z73ylk7z5uq5pzrgad.onion;00:60:37:41:8A:AF;67;931;1282;7483;-4382;-2364;-3338
2024-01-11T12:55:31.702464289UTC;goodletbtb5h2xetyooifcl4qk4sfxfgrahpv2z73ylk7z5uq5pzrgad.onion;00:60:37:D4:C5:8D;56;931;1287;7483;-4432;-2364;-1242
2024-01-11T12:55:32.127856249UTC;goodletbtb5h2xetyooifcl4qk4sfxfgrahpv2z73ylk7z5uq5pzrgad.onion;00:60:37:41:8A:AF;67;949;1287;7581;-4432;-1292;-1242
2024-01-11T12:55:32.985926052UTC;goodletbtb5h2xetyooifcl4qk4sfxfgrahpv2z73ylk7z5uq5pzrgad.onion;00:60:37:41:8A:AF;58;987;1287;5324;-4432;902;-1242
2024-01-11T12:55:33.417733303UTC;goodletbtb5h2xetyooifcl4qk4sfxfgrahpv2z73ylk7z5uq5pzrgad.onion;00:60:37:41:8A:AF;53;1055;1287;6502;-4432;-3069;-1242
2024-01-11T12:55:33.851022513UTC;goodletbtb5h2xetyooifcl4qk4sfxfgrahpv2z73ylk7z5uq5pzrgad.onion;00:60:37:41:8A:AF;54;1115;1287;7091;-4432;-5222;-1242
2024-01-11T12:55:34.284452038UTC;goodletbtb5h2xetyooifcl4qk4sfxfgrahpv2z73ylk7z5uq5pzrgad.onion;00:60:37:41:8A:AF;47;1164;1287;7160;-4432;-5258;-1242
2024-01-11T12:55:34.711515907UTC;goodletbtb5h2xetyooifcl4qk4sfxfgrahpv2z73ylk7z5uq5pzrgad.onion;00:60:37:41:8A:AF;29;1215;1287;7420;-4432;-4480;-1242
2024-01-11T12:55:35.138303312UTC;goodletbtb5h2xetyooifcl4qk4sfxfgrahpv2z73ylk7z5uq5pzrgad.onion;00:60:37:41:8A:AF;5;1265;1287;7437;-4432;-3588;-1242
2024-01-11T12:55:35.568259065UTC;goodletbtb5h2xetyooifcl4qk4sfxfgrahpv2z73ylk7z5uq5pzrgad.onion;00:60:37:41:8A:AF;5;1302;1287;7558;-4432;-3198;-1242
2024-01-11T12:55:35.999434011UTC;goodletbtb5h2xetyooifcl4qk4sfxfgrahpv2z73ylk7z5uq5pzrgad.onion;00:60:37:41:8A:AF;12;1317;1287;7619;-4432;-1528;-1242
2024-01-11T12:55:36.431578351UTC;goodletbtb5h2xetyooifcl4qk4sfxfgrahpv2z73ylk7z5uq5pzrgad.onion;00:60:37:41:8A:AF;11;1306;1287;7649;-4432;-2216;-1242
2024-01-11T12:55:36.860525228UTC;goodletbtb5h2xetyooifcl4qk4sfxfgrahpv2z73ylk7z5uq5pzrgad.onion;00:60:37:41:8A:AF;36;1313;1287;6852;-4432;-2484;-1242
2024-01-11T12:55:37.295437960UTC;goodletbtb5h2xetyooifcl4qk4sfxfgrahpv2z73ylk7z5uq5pzrgad.onion;00:60:37:41:8A:AF;52;1323;1287;7266;-4432;-846;-1242
2024-01-11T12:55:37.725011257UTC;goodletbtb5h2xetyooifcl4qk4sfxfgrahpv2z73ylk7z5uq5pzrgad.onion;00:60:37:41:8A:AF;59;1297;1287;7473;-4432;-1540;-1242
2024-01-11T12:55:38.154900080UTC;goodletbtb5h2xetyooifcl4qk4sfxfgrahpv2z73ylk7z5uq5pzrgad.onion;00:60:37:41:8A:AF;61;1257;1287;7576;-4432;-2141;-1242
2024-01-11T12:55:38.583368144UTC;goodletbtb5h2xetyooifcl4qk4sfxfgrahpv2z73ylk7z5uq5pzrgad.onion;00:60:37:41:8A:AF;50;1200;1287;7628;-4432;-3745;-1242
2024-01-11T12:55:39.013121183UTC;goodletbtb5h2xetyooifcl4qk4sfxfgrahpv2z73ylk7z5uq5pzrgad.onion;00:60:37:41:8A:AF;42;1145;1287;7654;-4432;-4326;-1242
2024-01-11T12:55:39.443251209UTC;goodletbtb5h2xetyooifcl4qk4sfxfgrahpv2z73ylk7z5uq5pzrgad.onion;00:60:37:41:8A:AF;44;1084;1287;-13;-4432;-2846;-1242
2024-01-11T12:55:39.870477267UTC;goodletbtb5h2xetyooifcl4qk4sfxfgrahpv2z73ylk7z5uq5pzrgad.onion;00:60:37:41:8A:AF;49;1051;1287;1443;-4432;-5263;-1242
2024-01-11T12:55:40.301162044UTC;goodletbtb5h2xetyooifcl4qk4sfxfgrahpv2z73ylk7z5uq5pzrgad.onion;00:60:37:41:8A:AF;66;1007;1287;4561;-4432;-2885;-1242
2024-01-11T12:55:40.733130233UTC;goodletbtb5h2xetyooifcl4qk4sfxfgrahpv2z73ylk7z5uq5pzrgad.onion;00:60:37:41:8A:AF;67;969;1287;6042;-4432;-2529;-1242
2024-01-11T12:55:41.162554045UTC;goodletbtb5h2xetyooifcl4qk4sfxfgrahpv2z73ylk7z5uq5pzrgad.onion;00:60:37:41:8A:AF;47;916;1287;6662;-4432;-570;-1242
2024-01-11T12:55:41.598029704UTC;goodletbtb5h2xetyooifcl4qk4sfxfgrahpv2z73ylk7z5uq5pzrgad.onion;00:60:37:41:8A:AF;36;843;1287;7171;-4432;-517;-1242
2024-01-11T12:55:42.027590967UTC;goodletbtb5h2xetyooifcl4qk4sfxfgrahpv2z73ylk7z5uq5pzrgad.onion;00:60:37:41:8A:AF;37;789;1287;-254;-4432;3581;-1242
2024-01-11T12:55:42.456190334UTC;goodletbtb5h2xetyooifcl4qk4sfxfgrahpv2z73ylk7z5uq5pzrgad.onion;00:60:37:41:8A:AF;58;755;1287;3713;-4432;1187;-1242
2024-01-11T12:55:42.885581437UTC;goodletbtb5h2xetyooifcl4qk4sfxfgrahpv2z73ylk7z5uq5pzrgad.onion;00:60:37:41:8A:AF;71;723;1287;5324;-4432;-1730;-1242
2024-01-11T12:55:43.320024625UTC;goodletbtb5h2xetyooifcl4qk4sfxfgrahpv2z73ylk7z5uq5pzrgad.onion;00:60:37:41:8A:AF;54;687;1287;5874;-4432;-832;-1242
2024-01-11T12:55:43.748566022UTC;goodletbtb5h2xetyooifcl4qk4sfxfgrahpv2z73ylk7z5uq5pzrgad.onion;00:60:37:41:8A:AF;34;613;1287;6777;-4432;-629;-1242
2024-01-11T12:55:44.179535803UTC;goodletbtb5h2xetyooifcl4qk4sfxfgrahpv2z73ylk7z5uq5pzrgad.onion;00:60:37:41:8A:AF;21;552;1287;7121;-4432;3525;-1242
2024-01-11T12:55:44.610060575UTC;goodletbtb5h2xetyooifcl4qk4sfxfgrahpv2z73ylk7z5uq5pzrgad.onion;00:60:37:41:8A:AF;17;512;1287;6542;-4432;2001;-1242
2024-01-11T12:55:45.043021648UTC;goodletbtb5h2xetyooifcl4qk4sfxfgrahpv2z73ylk7z5uq5pzrgad.onion;00:60:37:41:8A:AF;18;491;1287;6572;-4432;1358;-1242
2024-01-11T12:55:45.472343737UTC;goodletbtb5h2xetyooifcl4qk4sfxfgrahpv2z73ylk7z5uq5pzrgad.onion;00:60:37:41:8A:AF;26;477;1287;6309;-4432;980;-1242
2024-01-11T12:55:45.907553972UTC;goodletbtb5h2xetyooifcl4qk4sfxfgrahpv2z73ylk7z5uq5pzrgad.onion;00:60:37:41:8A:AF;45;464;1287;5876;-4432;978;-1242
2024-01-11T12:55:46.346341261UTC;goodletbtb5h2xetyooifcl4qk4sfxfgrahpv2z73ylk7z5uq5pzrgad.onion;00:60:37:41:8A:AF;52;448;1287;6115;-4432;2459;-1242
2024-01-11T12:55:46.781990463UTC;goodletbtb5h2xetyooifcl4qk4sfxfgrahpv2z73ylk7z5uq5pzrgad.onion;00:60:37:41:8A:AF;37;419;1287;6769;-4432;1922;-1242
2024-01-11T12:55:47.213893387UTC;goodletbtb5h2xetyooifcl4qk4sfxfgrahpv2z73ylk7z5uq5pzrgad.onion;00:60:37:41:8A:AF;24;364;1287;-455;-4432;-3;-1242
2024-01-11T12:55:47.649601496UTC;goodletbtb5h2xetyooifcl4qk4sfxfgrahpv2z73ylk7z5uq5pzrgad.onion;00:60:37:41:8A:AF;19;321;1287;3612;-4432;-1192;-1242
2024-01-11T12:55:48.078728216UTC;goodletbtb5h2xetyooifcl4qk4sfxfgrahpv2z73ylk7z5uq5pzrgad.onion;00:60:37:41:8A:AF;24;296;1287;5646;-4432;-434;-1242
2024-01-11T12:55:48.507842071UTC;goodletbtb5h2xetyooifcl4qk4sfxfgrahpv2z73ylk7z5uq5pzrgad.onion;00:60:37:41:8A:AF;22;280;1287;6663;-4432;-961;-1242
2024-01-11T12:55:48.938861955UTC;goodletbtb5h2xetyooifcl4qk4sfxfgrahpv2z73ylk7z5uq5pzrgad.onion;00:60:37:41:8A:AF;10;265;1287;6979;-4432;-4084;-1242
2024-01-11T12:55:49.369329067UTC;goodletbtb5h2xetyooifcl4qk4sfxfgrahpv2z73ylk7z5uq5pzrgad.onion;00:60:37:41:8A:AF;8;239;1287;-350;-4432;-3107;-1242
2024-01-11T12:55:49.799711646UTC;goodletbtb5h2xetyooifcl4qk4sfxfgrahpv2z73ylk7z5uq5pzrgad.onion;00:60:37:41:8A:AF;6;228;1287;3665;-4432;-2559;-1242
2024-01-11T12:55:50.226652277UTC;goodletbtb5h2xetyooifcl4qk4sfxfgrahpv2z73ylk7z5uq5pzrgad.onion;00:60:37:41:8A:AF;8;226;1287;5672;-4432;-1264;-1242
2024-01-11T12:55:50.653847445UTC;goodletbtb5h2xetyooifcl4qk4sfxfgrahpv2z73ylk7z5uq5pzrgad.onion;00:60:37:41:8A:AF;5;237;1287;6250;-4432;-2294;-1242
2024-01-11T12:55:51.085530936UTC;goodletbtb5h2xetyooifcl4qk4sfxfgrahpv2z73ylk7z5uq5pzrgad.onion;00:60:37:41:8A:AF;3;231;1287;6965;-4432;-2081;-1242
2024-01-11T12:55:51.513507838UTC;goodletbtb5h2xetyooifcl4qk4sfxfgrahpv2z73ylk7z5uq5pzrgad.onion;00:60:37:41:8A:AF;5;228;1287;7322;-4432;-2088;-1242
2024-01-11T12:55:51.945239559UTC;goodletbtb5h2xetyooifcl4qk4sfxfgrahpv2z73ylk7z5uq5pzrgad.onion;00:60:37:41:8A:AF;4;227;1287;7501;-4432;-1531;-1242
2024-01-11T12:55:52.381183713UTC;goodletbtb5h2xetyooifcl4qk4sfxfgrahpv2z73ylk7z5uq5pzrgad.onion;00:60:37:41:8A:AF;4;228;1287;7590;-4432;-1417;-1242
2024-01-11T12:55:52.812593031UTC;goodletbtb5h2xetyooifcl4qk4sfxfgrahpv2z73ylk7z5uq5pzrgad.onion;00:60:37:41:8A:AF;4;230;1287;-45;-4432;-1224;-1242
2024-01-11T12:55:53.240780614UTC;goodletbtb5h2xetyooifcl4qk4sfxfgrahpv2z73ylk7z5uq5pzrgad.onion;00:60:37:41:8A:AF;5;230;1287;3817;-4432;-1255;-1242
2024-01-11T12:55:53.677262122UTC;goodletbtb5h2xetyooifcl4qk4sfxfgrahpv2z73ylk7z5uq5pzrgad.onion;00:60:37:41:8A:AF;7;229;1287;5748;-4432;-1263;-1242
2024-01-11T12:55:54.109715004UTC;goodletbtb5h2xetyooifcl4qk4sfxfgrahpv2z73ylk7z5uq5pzrgad.onion;00:60:37:41:8A:AF;5;229;1287;6714;-4432;-1199;-1242
2024-01-11T12:55:54.536182758UTC;goodletbtb5h2xetyooifcl4qk4sfxfgrahpv2z73ylk7z5uq5pzrgad.onion;00:60:37:41:8A:AF;5;233;1287;-483;-4432;-1008;-1242
2024-01-11T12:55:54.970588180UTC;goodletbtb5h2xetyooifcl4qk4sfxfgrahpv2z73ylk7z5uq5pzrgad.onion;00:60:37:41:8A:AF;5;236;1287;3598;-4432;-1016;-1242
2024-01-11T12:55:55.404294212UTC;goodletbtb5h2xetyooifcl4qk4sfxfgrahpv2z73ylk7z5uq5pzrgad.onion;00:60:37:41:8A:AF;4;237;1287;5639;-4432;-1345;-1242
2024-01-11T12:55:55.834993514UTC;goodletbtb5h2xetyooifcl4qk4sfxfgrahpv2z73ylk7z5uq5pzrgad.onion;00:60:37:41:8A:AF;14;240;1287;6659;-4432;-1623;-1242
2024-01-11T12:55:56.265096866UTC;goodletbtb5h2xetyooifcl4qk4sfxfgrahpv2z73ylk7z5uq5pzrgad.onion;00:60:37:41:8A:AF;13;240;1287;7169;-4432;-1908;-1242
2024-01-11T12:55:56.692972462UTC;goodletbtb5h2xetyooifcl4qk4sfxfgrahpv2z73ylk7z5uq5pzrgad.onion;00:60:37:41:8A:AF;10;238;1287;7424;-4432;-2434;-1242
2024-01-11T12:55:57.125126273UTC;goodletbtb5h2xetyooifcl4qk4sfxfgrahpv2z73ylk7z5uq5pzrgad.onion;00:60:37:41:8A:AF;15;218;1287;7552;-4432;-5057;-1242
2024-01-11T12:55:57.559736282UTC;goodletbtb5h2xetyooifcl4qk4sfxfgrahpv2z73ylk7z5uq5pzrgad.onion;00:60:37:41:8A:AF;20;218;1287;7616;-4432;-3481;-1242
2024-01-11T12:55:57.993705287UTC;goodletbtb5h2xetyooifcl4qk4sfxfgrahpv2z73ylk7z5uq5pzrgad.onion;00:60:37:41:8A:AF;28;205;1287;7149;-4432;-2435;-1242
2024-01-11T12:55:58.426527549UTC;goodletbtb5h2xetyooifcl4qk4sfxfgrahpv2z73ylk7z5uq5pzrgad.onion;00:60:37:41:8A:AF;21;195;1287;6511;-4432;-1415;-1242
2024-01-11T12:55:58.858967407UTC;goodletbtb5h2xetyooifcl4qk4sfxfgrahpv2z73ylk7z5uq5pzrgad.onion;00:60:37:41:8A:AF;7;172;1287;4434;-4432;-8;-1242
2024-01-11T12:55:59.283879033UTC;goodletbtb5h2xetyooifcl4qk4sfxfgrahpv2z73ylk7z5uq5pzrgad.onion;00:60:37:41:8A:AF;11;146;1287;2030;-4432;880;-1242
2024-01-11T12:55:59.710298347UTC;goodletbtb5h2xetyooifcl4qk4sfxfgrahpv2z73ylk7z5uq5pzrgad.onion;00:60:37:41:8A:AF;13;137;1287;-387;-4432;768;-1242
2024-01-11T12:56:00.137157723UTC;goodletbtb5h2xetyooifcl4qk4sfxfgrahpv2z73ylk7z5uq5pzrgad.onion;00:60:37:41:8A:AF;21;154;1287;-2927;-4432;2366;-1242
2024-01-11T12:56:00.568463181UTC;goodletbtb5h2xetyooifcl4qk4sfxfgrahpv2z73ylk7z5uq5pzrgad.onion;00:60:37:41:8A:AF;14;153;1287;-4361;-4432;2130;-1242
2024-01-11T12:56:01.007225880UTC;goodletbtb5h2xetyooifcl4qk4sfxfgrahpv2z73ylk7z5uq5pzrgad.onion;00:60:37:41:8A:AF;8;174;1287;-6020;-4432;2769;-1242
2024-01-11T12:56:01.445004027UTC;goodletbtb5h2xetyooifcl4qk4sfxfgrahpv2z73ylk7z5uq5pzrgad.onion;00:60:37:41:8A:AF;4;188;1287;-6027;-4432;1437;-1242
2024-01-11T12:56:01.872215023UTC;goodletbtb5h2xetyooifcl4qk4sfxfgrahpv2z73ylk7z5uq5pzrgad.onion;00:60:37:41:8A:AF;6;195;1287;-6853;-4432;1655;-1242
2024-01-11T12:56:02.305989752UTC;goodletbtb5h2xetyooifcl4qk4sfxfgrahpv2z73ylk7z5uq5pzrgad.onion;00:60:37:41:8A:AF;19;198;1287;-7266;-4432;1389;-1242
2024-01-11T12:56:02.737298491UTC;goodletbtb5h2xetyooifcl4qk4sfxfgrahpv2z73ylk7z5uq5pzrgad.onion;00:60:37:41:8A:AF;39;196;1287;-7473;-4432;-420;-1242
2024-01-11T12:56:03.171182076UTC;goodletbtb5h2xetyooifcl4qk4sfxfgrahpv2z73ylk7z5uq5pzrgad.onion;00:60:37:41:8A:AF;52;203;1287;103;-4432;-854;-1242
2024-01-11T12:56:03.600684630UTC;goodletbtb5h2xetyooifcl4qk4sfxfgrahpv2z73ylk7z5uq5pzrgad.onion;00:60:37:41:8A:AF;47;228;1287;-2251;-4432;-791;-1242
2024-01-11T12:56:04.034660612UTC;goodletbtb5h2xetyooifcl4qk4sfxfgrahpv2z73ylk7z5uq5pzrgad.onion;00:60:37:41:8A:AF;45;275;1287;-3481;-4432;1209;-1242
2024-01-11T12:56:04.465348608UTC;goodletbtb5h2xetyooifcl4qk4sfxfgrahpv2z73ylk7z5uq5pzrgad.onion;00:60:37:41:8A:AF;47;325;1287;-5124;-4432;2503;-1242
2024-01-11T12:56:04.898441915UTC;goodletbtb5h2xetyooifcl4qk4sfxfgrahpv2z73ylk7z5uq5pzrgad.onion;00:60:37:41:8A:AF;41;362;1287;-6021;-4432;4188;-1242
2024-01-11T12:56:05.333132287UTC;goodletbtb5h2xetyooifcl4qk4sfxfgrahpv2z73ylk7z5uq5pzrgad.onion;00:60:37:41:8A:AF;29;409;1287;-6850;-4432;1595;-1242
2024-01-11T12:56:05.768988099UTC;goodletbtb5h2xetyooifcl4qk4sfxfgrahpv2z73ylk7z5uq5pzrgad.onion;00:60:37:41:8A:AF;14;449;1287;-7108;-4432;4500;-1242
2024-01-11T12:56:06.196045133UTC;goodletbtb5h2xetyooifcl4qk4sfxfgrahpv2z73ylk7z5uq5pzrgad.onion;00:60:37:41:8A:AF;12;485;1287;-7372;-4432;3759;-1242
2024-01-11T12:56:06.629134012UTC;goodletbtb5h2xetyooifcl4qk4sfxfgrahpv2z73ylk7z5uq5pzrgad.onion;00:60:37:41:8A:AF;10;500;1287;-6758;-4432;-1960;-1242
2024-01-11T12:56:07.060422280UTC;goodletbtb5h2xetyooifcl4qk4sfxfgrahpv2z73ylk7z5uq5pzrgad.onion;00:60:37:41:8A:AF;5;507;1287;-6451;-4432;-4547;-1242
2024-01-11T12:56:07.492196235UTC;goodletbtb5h2xetyooifcl4qk4sfxfgrahpv2z73ylk7z5uq5pzrgad.onion;00:60:37:41:8A:AF;9;518;1287;-6297;-4432;-6113;-1242
2024-01-11T12:56:07.921712694UTC;goodletbtb5h2xetyooifcl4qk4sfxfgrahpv2z73ylk7z5uq5pzrgad.onion;00:60:37:41:8A:AF;24;521;1287;-6220;-4432;-6124;-1242
2024-01-11T12:56:08.350967793UTC;goodletbtb5h2xetyooifcl4qk4sfxfgrahpv2z73ylk7z5uq5pzrgad.onion;00:60:37:41:8A:AF;40;522;1287;-6182;-4432;-5942;-1242
2024-01-11T12:56:08.781783186UTC;goodletbtb5h2xetyooifcl4qk4sfxfgrahpv2z73ylk7z5uq5pzrgad.onion;00:60:37:41:8A:AF;60;533;1287;-6931;-4432;-2031;-1242
2024-01-11T12:56:09.222300502UTC;goodletbtb5h2xetyooifcl4qk4sfxfgrahpv2z73ylk7z5uq5pzrgad.onion;00:60:37:41:8A:AF;61;564;1287;-6537;-4432;-4855;-1242
2024-01-11T12:56:09.651214865UTC;goodletbtb5h2xetyooifcl4qk4sfxfgrahpv2z73ylk7z5uq5pzrgad.onion;00:60:37:41:8A:AF;41;606;1287;-374;-4432;-96;-1242
2024-01-11T12:56:10.089342547UTC;goodletbtb5h2xetyooifcl4qk4sfxfgrahpv2z73ylk7z5uq5pzrgad.onion;00:60:37:41:8A:AF;24;677;1287;-2916;-4432;472;-1242
2024-01-11T12:56:10.517165271UTC;goodletbtb5h2xetyooifcl4qk4sfxfgrahpv2z73ylk7z5uq5pzrgad.onion;00:60:37:41:8A:AF;8;721;1287;-5143;-4432;1226;-1242
2024-01-11T12:56:10.945560039UTC;goodletbtb5h2xetyooifcl4qk4sfxfgrahpv2z73ylk7z5uq5pzrgad.onion;00:60:37:41:8A:AF;5;753;1287;-6411;-4432;-2390;-1242
2024-01-11T12:56:11.376982058UTC;goodletbtb5h2xetyooifcl4qk4sfxfgrahpv2z73ylk7z5uq5pzrgad.onion;00:60:37:41:8A:AF;6;763;1287;-5784;-4432;738;-1242
2024-01-11T12:56:11.805200832UTC;goodletbtb5h2xetyooifcl4qk4sfxfgrahpv2z73ylk7z5uq5pzrgad.onion;00:60:37:41:8A:AF;5;763;1287;-5964;-4432;4209;-1242
2024-01-11T12:56:12.236434305UTC;goodletbtb5h2xetyooifcl4qk4sfxfgrahpv2z73ylk7z5uq5pzrgad.onion;00:60:37:41:8A:AF;7;760;1287;-6054;-4432;5944;-1242
2024-01-11T12:56:12.666787968UTC;goodletbtb5h2xetyooifcl4qk4sfxfgrahpv2z73ylk7z5uq5pzrgad.onion;00:60:37:41:8A:AF;6;768;1287;-6496;-4432;3767;-1242
2024-01-11T12:56:13.097716538UTC;goodletbtb5h2xetyooifcl4qk4sfxfgrahpv2z73ylk7z5uq5pzrgad.onion;00:60:37:41:8A:AF;6;756;1287;-5552;-4432;-1956;-1242
2024-01-11T12:56:13.524497625UTC;goodletbtb5h2xetyooifcl4qk4sfxfgrahpv2z73ylk7z5uq5pzrgad.onion;00:60:37:41:8A:AF;8;760;1287;-5848;-4432;2862;-1242
2024-01-11T12:56:13.951364547UTC;goodletbtb5h2xetyooifcl4qk4sfxfgrahpv2z73ylk7z5uq5pzrgad.onion;00:60:37:41:8A:AF;8;762;1287;-6764;-4432;-1291;-1242
2024-01-11T12:56:14.384427016UTC;goodletbtb5h2xetyooifcl4qk4sfxfgrahpv2z73ylk7z5uq5pzrgad.onion;00:60:37:41:8A:AF;5;766;1287;-7222;-4432;30;-1242
2024-01-11T12:56:14.814267073UTC;goodletbtb5h2xetyooifcl4qk4sfxfgrahpv2z73ylk7z5uq5pzrgad.onion;00:60:37:41:8A:AF;7;771;1287;-7451;-4432;2031;-1242
2024-01-11T12:56:15.249065724UTC;goodletbtb5h2xetyooifcl4qk4sfxfgrahpv2z73ylk7z5uq5pzrgad.onion;00:60:37:41:8A:AF;8;775;1287;-7565;-4432;1387;-1242
2024-01-11T12:56:15.678854217UTC;goodletbtb5h2xetyooifcl4qk4sfxfgrahpv2z73ylk7z5uq5pzrgad.onion;00:60:37:41:8A:AF;10;774;1287;-7622;-4432;846;-1242
2024-01-11T12:56:16.111880435UTC;goodletbtb5h2xetyooifcl4qk4sfxfgrahpv2z73ylk7z5uq5pzrgad.onion;00:60:37:41:8A:AF;16;767;1287;-7651;-4432;3523;-1242
2024-01-11T12:56:16.541205324UTC;goodletbtb5h2xetyooifcl4qk4sfxfgrahpv2z73ylk7z5uq5pzrgad.onion;00:60:37:41:8A:AF;38;764;1287;-7365;-4432;5291;-1242
2024-01-11T12:56:16.967685726UTC;goodletbtb5h2xetyooifcl4qk4sfxfgrahpv2z73ylk7z5uq5pzrgad.onion;00:60:37:41:8A:AF;45;753;1287;-5986;-4432;-1049;-1242
2024-01-11T12:56:17.400043231UTC;goodletbtb5h2xetyooifcl4qk4sfxfgrahpv2z73ylk7z5uq5pzrgad.onion;00:60:37:41:8A:AF;35;738;1287;-6833;-4432;940;-1242
2024-01-11T12:56:17.830047197UTC;goodletbtb5h2xetyooifcl4qk4sfxfgrahpv2z73ylk7z5uq5pzrgad.onion;00:60:37:41:8A:AF;35;684;1287;-6330;-4432;1999;-1242
2024-01-11T12:56:18.258591132UTC;goodletbtb5h2xetyooifcl4qk4sfxfgrahpv2z73ylk7z5uq5pzrgad.onion;00:60:37:41:8A:AF;28;654;1287;-5469;-4432;-2840;-1242
2024-01-11T12:56:18.688023939UTC;goodletbtb5h2xetyooifcl4qk4sfxfgrahpv2z73ylk7z5uq5pzrgad.onion;00:60:37:41:8A:AF;24;620;1287;-6574;-4432;-151;-1242
2024-01-11T12:56:19.120667491UTC;goodletbtb5h2xetyooifcl4qk4sfxfgrahpv2z73ylk7z5uq5pzrgad.onion;00:60:37:41:8A:AF;24;590;1287;-7127;-4432;1214;-1242
2024-01-11T12:56:19.549833574UTC;goodletbtb5h2xetyooifcl4qk4sfxfgrahpv2z73ylk7z5uq5pzrgad.onion;00:60:37:41:8A:AF;13;571;1287;-7403;-4432;2989;-1242
